Workbook

Sheet How to use
A1: Weekend 2.0 — Project Tracker
A2: Created | B2: 2026-10-02 (IST). Source of truth is PROJECT_MEMORY.md; this workbook is a working view of it.
A4: Cells to edit | B4: Yellow-shaded cells are inputs: status, dates, notes, final choices, cost figures. Do not edit white formula cells.
A5: Add a row | B5: Type in the next empty row of Tasks / Issues / Decisions / Approvals. Dashboard and Phases update automatically (rows 2–200).
A6: Task / Phase status | B6: Not started · In progress · Blocked · Done (pick from the dropdown).
A7: Decision status | B7: Open · Provisional · Decided. Decide in order D1 → D2 → D4 → D5 → D6 → D3.
A8: Issue severity | B8: Critical · High · Medium · Low. Status: Open · Closed.
A9: Dates | B9: Format yyyy-mm-dd (IST).
A10: Cost sheet | B10: Blue numbers are inputs from DESIGN.md §21 (prices checked 2026-10-02). INR is calculated from the exchange-rate cell. Re-check 'Not verified' rows in the AWS Pricing Calculator.
A11: Update routine | B11: After each working session: update Tasks/Issues here, then run `save project` so PROJECT_MEMORY.md matches.
A12: Rules | B12: No secrets, account IDs or real IPs in this workbook.

Sheet Dashboard
A1: Weekend 2.0 — Project Dashboard
A2: Project start | B2: 46297
A3: Days since start | B3: =TODAY()-B2
A5: Tasks
A6: Total tasks | B6: =COUNTA(Tasks!$A$2:$A$200)
A7: Done | B7: =COUNTIF(Tasks!$E$2:$E$200,"Done")
A8: In progress | B8: =COUNTIF(Tasks!$E$2:$E$200,"In progress")
A9: Blocked | B9: =COUNTIF(Tasks!$E$2:$E$200,"Blocked")
A10: Not started | B10: =COUNTIF(Tasks!$E$2:$E$200,"Not started")
A11: Overall % done | B11: =IFERROR(B7/B6,0)
A12: Critical tasks not done | B12: =COUNTIFS(Tasks!$D$2:$D$200,"Critical",Tasks!$E$2:$E$200,"<>Done")
A14: Phases
A15: Phase | B15: Status | C15: Tasks done %
A16: =Phases!A2&" — "&Phases!B2 | B16: =Phases!D2 | C16: =Phases!I2
A17: =Phases!A3&" — "&Phases!B3 | B17: =Phases!D3 | C17: =Phases!I3
A18: =Phases!A4&" — "&Phases!B4 | B18: =Phases!D4 | C18: =Phases!I4
A19: =Phases!A5&" — "&Phases!B5 | B19: =Phases!D5 | C19: =Phases!I5
A20: =Phases!A6&" — "&Phases!B6 | B20: =Phases!D6 | C20: =Phases!I6
A21: =Phases!A7&" — "&Phases!B7 | B21: =Phases!D7 | C21: =Phases!I7
A22: =Phases!A8&" — "&Phases!B8 | B22: =Phases!D8 | C22: =Phases!I8
A24: Decisions (D1 → D2 → D4 → D5 → D6 → D3)
A25: Open | B25: =COUNTIF(Decisions!$D$2:$D$200,"Open")
A26: Provisional | B26: =COUNTIF(Decisions!$D$2:$D$200,"Provisional")
A27: Decided | B27: =COUNTIF(Decisions!$D$2:$D$200,"Decided")
A28: Next decision | B28: =IF(COUNTIF(Decisions!$D$2:$D$200,"Decided")>=COUNTA(Decisions!$A$2:$A$200),"All decided",INDEX(Decisions!$A$2:$A$200,COUNTIF(Decisions!$D$2:$D$200,"Decided")+1)&" — "&INDEX(Decisions!$C$2:$C$200,COUNTIF(Decisions!$D$2:$D$200,"Decided")+1))
A30: Open issues by severity
A31: Critical | B31: =COUNTIFS(Issues!$C$2:$C$200,"Critical",Issues!$E$2:$E$200,"Open")
A32: High | B32: =COUNTIFS(Issues!$C$2:$C$200,"High",Issues!$E$2:$E$200,"Open")
A33: Medium | B33: =COUNTIFS(Issues!$C$2:$C$200,"Medium",Issues!$E$2:$E$200,"Open")
A34: Low | B34: =COUNTIFS(Issues!$C$2:$C$200,"Low",Issues!$E$2:$E$200,"Open")
A35: Total open | B35: =SUM(B31:B34)
A37: Cost vs budget (monthly)
A38: Estimated cost (₹) | B38: =Cost!D13
A39: Budget (₹) | B39: =Cost!B16
A40: Headroom (₹) | B40: =Cost!B17
A41: Budget used | B41: =Cost!B18
A42: Fits budget? | B42: =Cost!B19

Sheet Phases
A1: Phase | B1: Name | C1: Exit criteria | D1: Status | E1: Start | F1: Target | G1: Done | H1: Evidence | I1: Tasks done % | J1: Tasks (done / total)
A2: 0 | B2: Requirements & architecture | C2: D1–D4 decided; diagram and cost estimate approved | D2: In progress | E2: 46297 | H2: DESIGN.md v0.1.3; diagrams 01–05; READMEs | I2: =IFERROR(COUNTIFS(Tasks!$B$2:$B$200,A2,Tasks!$E$2:$E$200,"Done")/COUNTIF(Tasks!$B$2:$B$200,A2),0) | J2: =COUNTIFS(Tasks!$B$2:$B$200,A2,Tasks!$E$2:$E$200,"Done")&" / "&COUNTIF(Tasks!$B$2:$B$200,A2)
A3: 1 | B3: MVP backend | C3: Agent core answers via a test interface, with unit tests | D3: Not started | I3: =IFERROR(COUNTIFS(Tasks!$B$2:$B$200,A3,Tasks!$E$2:$E$200,"Done")/COUNTIF(Tasks!$B$2:$B$200,A3),0) | J3: =COUNTIFS(Tasks!$B$2:$B$200,A3,Tasks!$E$2:$E$200,"Done")&" / "&COUNTIF(Tasks!$B$2:$B$200,A3)
A4: 2 | B4: Mobile access | C4: Owner uses it from the phone securely (D6, TLS) | D4: Not started | I4: =IFERROR(COUNTIFS(Tasks!$B$2:$B$200,A4,Tasks!$E$2:$E$200,"Done")/COUNTIF(Tasks!$B$2:$B$200,A4),0) | J4: =COUNTIFS(Tasks!$B$2:$B$200,A4,Tasks!$E$2:$E$200,"Done")&" / "&COUNTIF(Tasks!$B$2:$B$200,A4)
A5: 3 | B5: Memory & storage | C5: Encrypted, owner-controlled memory with retention, export, delete | D5: Not started | I5: =IFERROR(COUNTIFS(Tasks!$B$2:$B$200,A5,Tasks!$E$2:$E$200,"Done")/COUNTIF(Tasks!$B$2:$B$200,A5),0) | J5: =COUNTIFS(Tasks!$B$2:$B$200,A5,Tasks!$E$2:$E$200,"Done")&" / "&COUNTIF(Tasks!$B$2:$B$200,A5)
A6: 4 | B6: Security hardening | C6: Threat model done; P1–P10 verified in M7 | D6: Not started | I6: =IFERROR(COUNTIFS(Tasks!$B$2:$B$200,A6,Tasks!$E$2:$E$200,"Done")/COUNTIF(Tasks!$B$2:$B$200,A6),0) | J6: =COUNTIFS(Tasks!$B$2:$B$200,A6,Tasks!$E$2:$E$200,"Done")&" / "&COUNTIF(Tasks!$B$2:$B$200,A6)
A7: 5 | B7: CI/CD & IaC | C7: All infra in Terraform; pipelines build, test, deploy | D7: Not started | I7: =IFERROR(COUNTIFS(Tasks!$B$2:$B$200,A7,Tasks!$E$2:$E$200,"Done")/COUNTIF(Tasks!$B$2:$B$200,A7),0) | J7: =COUNTIFS(Tasks!$B$2:$B$200,A7,Tasks!$E$2:$E$200,"Done")&" / "&COUNTIF(Tasks!$B$2:$B$200,A7)
A8: 6 | B8: Monitoring & ops | C8: Logs, alerts, backups; restore tested | D8: Not started | I8: =IFERROR(COUNTIFS(Tasks!$B$2:$B$200,A8,Tasks!$E$2:$E$200,"Done")/COUNTIF(Tasks!$B$2:$B$200,A8),0) | J8: =COUNTIFS(Tasks!$B$2:$B$200,A8,Tasks!$E$2:$E$200,"Done")&" / "&COUNTIF(Tasks!$B$2:$B$200,A8)

Sheet Tasks
A1: ID | B1: Phase | C1: Task | D1: Priority | E1: Status | F1: Start | G1: Due | H1: Done | I1: Notes
A2: T-001 | B2: 0 | C2: Audit Weekend v1 and list unneeded files | D2: Medium | E2: Done | F2: 46297 | H2: 46297 | I2: Cleanup list delivered
A3: T-002 | B3: 0 | C3: Research 2026 prices and options | D3: High | E3: Done | F3: 46297 | H3: 46297 | I3: Sources in DESIGN.md Appendix C
A4: T-003 | B4: 0 | C4: Draft DESIGN.md | D4: High | E4: Done | F4: 46297 | H4: 46297 | I4: Now v0.1.3
A5: T-004 | B5: 0 | C5: Set monthly budget (₹5,000) | D5: High | E5: Done | F5: 46297 | H5: 46297 | I5: BUD-20261002
A6: T-005 | B6: 0 | C6: Project README + docs README | D6: Medium | E6: Done | F6: 46297 | H6: 46297
A7: T-006 | B7: 0 | C7: Architecture diagrams (FigJam + docs/diagrams) | D7: Medium | E7: Done | F7: 46297 | H7: 46297 | I7: 5 diagrams: jpg/svg/mmd
A8: T-007 | B8: 0 | C8: Update PROJECT_MEMORY (save project) | D8: Medium | E8: In progress | F8: 46297 | I8: Diff awaiting owner approval
A9: T-008 | B9: 0 | C9: Verify 'Not verified' Mumbai prices (I-3) | D9: High | E9: Not started | I9: AWS Pricing Calculator
A10: T-009 | B10: 0 | C10: Decide D1 (hosting) | D10: High | E10: Not started
A11: T-010 | B11: 0 | C11: Decide D2 (AI model) | D11: High | E11: Not started | I11: Depends on D1
A12: T-011 | B12: 0 | C12: Decide D4 (cloud provider) | D12: High | E12: Not started | I12: Depends on D1, D2
A13: T-012 | B13: 0 | C13: Approve architecture diagram + cost estimate (Phase 0 exit) | D13: High | E13: Not started
A14: T-013 | B14: — | C14: Rotate leaked Weekend v1 tokens (I-1) | D14: Critical | E14: Not started | I14: Then purge or archive the old repo
A15: T-014 | B15: 0 | C15: Claim the FigJam board (I-6) | D15: Low | E15: Not started
A16: T-015 | B16: 1 | C16: git init + private GitHub repo (needs approval) | D16: Medium | E16: Not started

Sheet Decisions
A1: ID | B1: Order | C1: Decision | D1: Status | E1: Provisional recommendation | F1: Final choice | G1: Date decided | H1: ADR file
A2: D1 | B2: 1 | C2: Hosting | D2: Open | E2: Private EC2 server, ap-south-1, tailnet-only (DESIGN §17)
A3: D2 | B3: 2 | C3: AI model | D3: Open | E3: Claude Haiku 4.5 + Sonnet 5 via Bedrock India profile (§7)
A4: D4 | B4: 3 | C4: Cloud provider | D4: Open | E4: AWS (§16)
A5: D5 | B5: 4 | C5: Storage / hardware | D5: Open | E5: PostgreSQL 17 + pgvector on encrypted EBS (§9)
A6: D6 | B6: 5 | C6: Authentication | D6: Open | E6: Tailnet + passkey (§14)
A7: D3 | B7: 6 | C7: Mobile interface | D7: Open | E7: PWA (§15)

Sheet Issues
A1: ID | B1: Description | C1: Severity | D1: Owner action | E1: Status | F1: Opened | G1: Closed
A2: I-1 | B2: Leaked tokens in Weekend v1 git history | C2: High | D2: Rotate tokens; purge or archive the old repo | E2: Open | F2: 46297
A3: I-2 | B3: Bedrock Sonnet 5 price conflict ($2/$10 vs $3/$15) | C3: Low | D3: Check the AWS Bedrock pricing page | E3: Open | F3: 46297
A4: I-3 | B4: Several Mumbai prices 'Not verified' | C4: Low | D4: Refresh with the AWS Pricing Calculator before D1 | E4: Open | F4: 46297
A5: I-4 | B5: Voice options exceed the ₹5,000 budget at today's prices | C5: Medium | D5: Evaluate DESIGN §21.4 options in Phase 2 | E5: Open | F5: 46297
A6: I-5 | B6: AWS network diagram shows WireGuard as one-way arrows | C6: Low | D6: Optional: fix in FigJam and re-export 04 | E6: Open | F6: 46297
A7: I-6 | B7: FigJam board is an unclaimed Claude draft; seat is 'View' | C7: Low | D7: Claim the board in Figma | E7: Open | F7: 46297

Sheet Cost
A1: Item | B1: Basis | C1: USD / month | D1: INR / month | E1: Verified? | F1: Source
A2: EC2 t4g.medium | B2: $0.0224/h × 730 h | C2: 16.35 | D2: =C2*$B$15 | E2: sparecores.com (2026-10-02)
A3: EBS gp3 40 GB | B3: ~$0.09/GB-month | C3: 3.6 | D3: =C3*$B$15 | E3: Estimate — check AWS Pricing Calculator
A4: Public IPv4 | B4: $0.005/h × 730 h | C4: 3.65 | D4: =C4*$B$15 | E4: Estimate — check AWS Pricing Calculator
A5: KMS customer-managed keys | B5: 2 keys × $1 | C5: 2 | D5: =C5*$B$15 | E5: Estimate — check AWS Pricing Calculator
A6: Secrets Manager | B6: 5 secrets × $0.40 | C6: 2 | D6: =C6*$B$15 | E6: Estimate — check AWS Pricing Calculator
A7: S3 backups + Object Lock | B7: ~15 GB + requests | C7: 0.6 | D7: =C7*$B$15 | E7: DESIGN.md §21.2
A8: EBS snapshots | B8: Weekly, incremental | C8: 1 | D8: =C8*$B$15 | E8: DESIGN.md §21.2
A9: CloudWatch Logs | B9: < 1 GB/month | C9: 1 | D9: =C9*$B$15 | E9: DESIGN.md §21.2
A10: Tailscale | B10: Personal plan | C10: 0 | D10: =C10*$B$15 | E10: ssdnodes.com (2026-10-02)
A11: LLM — Bedrock India (expected, 3,000 turns) | B11: 80% Haiku 4.5 / 20% Sonnet 5, +10% regional | C11: 15.9 | D11: =C11*$B$15 | E11: DESIGN.md §21.1; platform.claude.com pricing
A13: Total per month | C13: =SUM(C2:C11) | D13: =SUM(D2:D11)
A15: Exchange rate (₹ per USD) | B15: 96.3 | C15: Mid-market, 2026-10-02, tradingeconomics.com
A16: Monthly budget (₹) | B16: 5000 | C16: Set by owner 2026-10-02 (BUD-20261002)
A17: Headroom (₹) | B17: =B16-D13
A18: Budget used | B18: =IFERROR(D13/B16,0)
A19: Fits budget? | B19: =IF(D13<=B16,"Yes","No")
A21: Scope: text-only, Option B (private EC2 + Bedrock). Voice adds ≈ ₹1,580 (local) or ≈ ₹3,040 (AWS) — see DESIGN.md §21.3–21.4.

Sheet Approvals
A1: Date | B1: Action | C1: Target | D1: Risk | E1: Approved by
A2: 46297 | B2: Send architecture design (no secrets/personal data) to Figma | C2: Figma Inc. (FigJam) | D2: Low | E2: Owner

Sheet Doc versions
A1: Document | B1: Version | C1: Date | D1: Type | E1: Summary
A2: DESIGN.md | B2: 0.1.0 | C2: 46297 | D2: Initial draft | E2: Base plan: architecture, components, cost model, roadmap
A3: DESIGN.md | B3: 0.1.1 | C3: 46297 | D3: Patch | E3: Budget set to ₹5,000/month; budget fit added
A4: DESIGN.md | B4: 0.1.2 | C4: 46297 | D4: Patch | E4: FigJam board link; data exit X8 (Figma)
A5: DESIGN.md | B5: 0.1.3 | C5: 46297 | D5: Patch | E5: Diagram images added (docs/diagrams/: jpg, svg, mmd)
